status	bytes	sha256	path
modified	1942	0021bc3881ca94793ec31e2c0939f0d49f12fb23cdb2b677be9200d4a392a6cf	README.md
untracked	9100	24bf39ad06c154e685415153ca7f36f88ab2b4d7044bfe1f4c942d6a8c2c53f6	docs/acceptance/R10-harness-0.1.1-rc.2.md
untracked	4097	ee49efecbf6f68e8e2fbd9af634bbec7e5a7eca4e3f3d2f0cb684a0e77cf24de	docs/acceptance/R11-conversation-artifact-renderer.md
untracked	6654	92c5b4a8040bd5ce176b3de10d00d4e8345148be221159ec7a012225ff42359c	docs/acceptance/R12-product-feature-packs.md
untracked	36799	f19a5e1de6bacfb07122597d5e7ca11eb5dfc0f41ad9fd8517c7e9838925a7cf	docs/acceptance/R13-product-feature-packs-full-e2e.md
modified	19958	2934724d943e432f6e5d56ebd3a1fec1628e4e92c4b1d96c6a833fd83f83aa18	docs/acceptance/baseline-remediation/api-snapshot.json
untracked	206504	65cef9e67640d381b4e247d9de4a854e2c787a6e2571325be11b1d15010fb8b2	docs/acceptance/evidence/R13-browser-evidence-index.md
self-generated	-	SELF	docs/acceptance/evidence/R13-enterprise-overlap-manifest.tsv
self-generated	-	SELF	docs/acceptance/evidence/R13-integration-ready-handoff.md
self-generated	-	SELF	docs/acceptance/evidence/R13-product-changed-path-manifest.tsv
modified	22708	c48c14f2ac2b0269647fadea958f8ba7de087a79abfb54b1f2f89d3b4dc1b0eb	docs/architecture/plugin-framework.md
untracked	901	ce210e2e2c66bfcac41d47fc4cf4c0a0fee7cdcbae8436ec467880452237726f	docs/compatibility/bundle-budget.json
modified	4009	b83793b42e10f2ff0e9e5c2559f46f9afa855166e8d985b72b430821765dd9fd	docs/compatibility/matrix.md
untracked	7573	9e22126c4baaf199b2707254a7aacab3145968d4dc30591438cfd0ff7ad59e57	docs/plans/product-feature-pack-consolidation.md
modified	4117	48ef464589eebf39dc1818d6836a034c20a700ab0b590d8c08096c1eb44f0a0a	docs/standards/package-roles.json
modified	2436	dd3d05e47daa2161eae41502ff1abf8b1b9dc0d69f097309f694511c055003b3	package.json
modified	1409	171d0205871109c678717adf57d0125347e8c79380dcad46dfaff4c6d405bcf9	packages/agent-builder/package.json
modified	49304	b672e2925d6be878c2b81e80a604c28616caa1922fd48823db8388a6ed5148b4	packages/agent-builder/src/index.ts
modified	299	3cbac0556e648f96e99c53754921a8b50f95d74d67f545a6a06d3f4257ecbb8b	packages/agent-builder/src/invariant.ts
modified	5931	f4b728537052e8b3c2b64b2c3945f852511b05987b7bc55ba6b2e9f53e69beae	packages/agent-builder/src/remote.ts
modified	34845	a6e2740442230e73f7f6618bf09af7efdb8ec2ab8380b27d7eaefbe50b37ee03	packages/agent-builder/tests/builder.spec.ts
modified	1846	2b31d6b2828729d57581bf87267f1d5495301b5e0e5737b01b7939f7bbb07398	packages/agent-market/package.json
untracked	11255	33bb3aed1696ecccf25227c1ab8aaa6b05d6cb45ee424242707b28a8b831f987	packages/agent-market/src/client/authoring-session.ts
modified	161962	9d1b48e703a8442324ee232877bce8914db241f6090a8f8931a665e591fded7a	packages/agent-market/src/client/index.tsx
modified	64453	7bf006c697621e861cf34a068454008dea5afaa94f00cea3ef7e98eb7244a51a	packages/agent-market/src/client/styles.ts
modified	297	6e8b9f832249ce7f8dbaadbe02f4ce37e3cc586f7dfe9bfc1db2f7f4241476fa	packages/agent-market/src/invariant.ts
modified	98583	484da22c4bff85f0214d229fdf9ad28dddadd70e298958de6721937e499b53cf	packages/agent-market/tests/client.spec.tsx
modified	884	39a5d76181c03f2b369191c0bb833419cde2c26082af39eb685c4b3a900d507c	packages/artifact-runtime/package.json
modified	23053	af7f3039c8eb5531cfbe5ad3f711c0642b65c13c67cddb5c44e3bcfaee452110	packages/artifact-runtime/src/index.ts
modified	283	30182644752de720eb1326ad02d5b9b34595de244617c64342aaaa6ca5c58ff3	packages/artifact-runtime/src/invariant.ts
modified	9461	ee396a70d1316e409f93b3bda07c72523af68a1d0a8533d9678c76aba4ab788b	packages/artifact-runtime/tests/execution.spec.ts
modified	4722	557415e075b88f143c3f5e2cb168e39e88148f8636cbf4efa390d2f90bdc43f8	packages/artifact-runtime/tests/projection.spec.ts
modified	1747	2db68d964c526200b22b0729613ac195bd86a6933335bac2decbaba27dc8afb1	packages/artifacts/package.json
modified	28244	291045e7348650e42fda514e2c58e45b330a1da2f4906a57dbdbf3764a624f3e	packages/artifacts/src/client/index.tsx
modified	27649	e6935017b9016e7d46acb5b38a706960b7816df68d050ec4b47edb50f1297483	packages/artifacts/src/index.ts
modified	326	c23c18fa1eabb7671aad26d2f59ff886d3aa053887935ffc2ca78a94561fd36c	packages/artifacts/src/invariant.ts
modified	14093	40487b6acfd0fda5c358d69f83b4b65e8c7e616421d07159b8e788e0a2f97056	packages/artifacts/tests/client.spec.tsx
modified	9746	5ef36384623214f45401652a8d5ce7f6fa9cf353c5d8dc1f78bc3631624d27b0	packages/artifacts/tests/registry.spec.ts
modified	2140	b479ed2163408da3e3be8aac13d0bd91412bfbf9ff1747fea90fff494a244329	packages/better-sidebar-adapter/README.md
modified	1687	b4ecb2e84d42590b32986b136a5801e2c08abfdf54436a954043630ba6d237a8	packages/better-sidebar-adapter/package.json
modified	7678	f558a1021a81e459d6aed557bb6c79cdb0f8802925f1286b750e926e4c65db1d	packages/better-sidebar-adapter/src/client/index.ts
modified	22616	66c6b0e2c9ff5082c76c82c6f13a0d7525bc47be922e5dfd4eb68e268b28573f	packages/better-sidebar-adapter/src/index.ts
modified	352	a16bf984fec43b4b0164ece4cb81107c0b82bc8652787a1272f008b66545956e	packages/better-sidebar-adapter/src/invariant.ts
modified	18075	3d106c42e0b22257d0cefa96a7fa8b5951756e1cde9a05e82c73acc7b161e921	packages/better-sidebar-adapter/tests/adapter.spec.ts
modified	585	b41f711036dee898e76f27a07d2a85bfd58151fa26bac15c75e725007245fd36	packages/better-sidebar-adapter/tests/invariant.spec.ts
modified	1542	ccbeed7592a346d64d694cb6f886bbf1d900ffd0fbcaeb44a2fe6249dd7e9f65	packages/branding/package.json
modified	8940	b6eb60d308463397371a3e3f15c0893d31ba71e62de346d88392b15e03838a7c	packages/branding/src/client/index.tsx
modified	324	a06cf08ff75625ee22dae2697eaa8fd4127f4bc3aa6eb6ee0f791665c4b88634	packages/branding/src/invariant.ts
modified	1109	abdc9da9e5cdf9065e80cbd395573caf0100f32958a5a32a15f2c92bda645bc4	packages/category-analysis-adapter/package.json
modified	9810	bdba2e3cecce78b73cd876b0ad29bb4ab2bb642c3db0eb130b7968c729af5563	packages/category-analysis-adapter/src/index.ts
modified	322	335b242ced6463860c63e9b53e7efc089b3e935da7f55f5efe0286566dbc5b1c	packages/category-analysis-adapter/src/invariant.ts
modified	6395	4482b4f6bf7271c179b9561c38ba10257ee0af16f76d2a76ef8204d2077e9d3a	packages/category-analysis-adapter/tests/provider.spec.ts
modified	629	c9e71a0a7393369cfc2eb53dfddd227fa231a65efdc8e3288cccc92ba45e9177	packages/contracts/package.json
untracked	2382	dfa2d8d14dbb01cafaf2dcf292ded23b52db30460e6fd3b6df12660afca4007b	packages/conversation-artifact-renderer/README.md
untracked	1562	1f4960c113c19b4c71ab47d92d4f9ef9905aa608cb932cbd7cc93e15854c771d	packages/conversation-artifact-renderer/package.json
untracked	14619	2ae94188c6383ab08a15986bce3101dbf3ef8df27f0b7c1184d1eb55bbf82ae6	packages/conversation-artifact-renderer/src/client/index.tsx
untracked	260	88aeda63585078a1873b88fa808bc96e94f70f06e44c350d71fd17a0f280d4fe	packages/conversation-artifact-renderer/src/index.ts
untracked	333	bda6310783b663013499cb20c4530e7b67b17ae12a684b1d5f0cd9938fa7a84d	packages/conversation-artifact-renderer/src/invariant.ts
untracked	6590	de6615056144893f7dc091c873bac6a5cacbae78b42ff77e44619988119313fb	packages/conversation-artifact-renderer/tests/client.spec.tsx
untracked	783	c42d4b984cb51ab8a7b378490258f38c140f03e92d5a62d7bb958237c8fae636	packages/conversation-artifact-renderer/tests/invariant.spec.ts
untracked	282	a26140305ad0a039f3af53cba4d8b6cc91535b713ae3895102caef1ec077bbea	packages/conversation-artifact-renderer/tsconfig.json
modified	1454	ac46d9d47a88233d8a41e990cd6e834e84fc25ed628a9e73b9c3d500036388c6	packages/developer-resources/package.json
modified	20815	fc522236f68f80d28e1cda2e548d6eb6b98a74bbe73bf275942198c8a8c1b305	packages/developer-resources/src/client/index.tsx
modified	5971	057fba2f44ef3f6d4c3390e78e998970bec984364aaf41ece2a15668727ab7cb	packages/developer-resources/src/index.ts
modified	5574	58998ce334fc16111222f0c75a309f04fed7662b6976ac4b62ebd441e0052753	packages/developer-resources/tests/client.spec.tsx
modified	1972	5ac6f90063091c76ab418f583ab734ea420134e0bc7a5e9bbe2e0aef8e3adaca	packages/extension-center/package.json
modified	51029	ec5a4799c45387b6b9a583053a023f300d60828c45faf41fe55d1540ce824ff5	packages/extension-center/src/client/index.tsx
untracked	9106	75d64326f39fad5d065a42762d5b94f89f6dae838af35591a941a6f3f7370a2c	packages/extension-center/src/feature-packs.ts
modified	33790	eb0905ada8023517cadb93e85f8e8804d0dd7697d84e0333b273932229fa99ed	packages/extension-center/src/index.ts
modified	339	5e2a3de828a8e2b9154d02df0e46c5dd5e329c56cfcd5f4f44bedb573fc5f1fb	packages/extension-center/src/invariant.ts
untracked	1460	30d97e28ce81e19b2fa771c629b80fe1f8ff5f88650a95556263b9bd604a23eb	packages/extension-center/src/projection.ts
untracked	2984	b9b864b287a36b9de70b0834a79612ece9f89ca25513fd163a96ec0c861cf070	packages/extension-center/src/remote.ts
untracked	483	607ad7a5c0522f7e5acfeaa38a5719af19ab87c80f9af07e51f0c243e408b559	packages/extension-center/src/typert.ts
untracked	9636	46c83383a8709e77f5703811eed232f5ecdc81974e1e9246dd5f0b0c8c08cb79	packages/extension-center/tests/boot-readiness.spec.ts
modified	17924	272e9435bfba8bd67a476b0bcbffd1949a278c6e31674f701f9732b7ceb085a2	packages/extension-center/tests/client.spec.tsx
untracked	10125	ac3ce971a720beda9d656c8840017937eda4c7c378391c441292a3091347b4eb	packages/extension-center/tests/feature-packs.spec.ts
modified	435	7952e5cf7e41403c2120652d83c9ef2198270d380ddb098390f14f84b1a31a55	packages/extension-center/tests/invariant.spec.ts
untracked	819	57a5497d50b944cab0a685fdc10fe6d211884628dc3665b2a69f47d0283b7d3d	packages/extension-center/tests/remote.spec.ts
modified	1063	da51faaf6c5bb7ed6ff737c121225ed15fc4106b9715f53109291f90ab500f7d	packages/fact-layer/package.json
modified	7375	8621b655a4dee53374da6fdb977fefed4362b31d3a3637be4b50b411cb390c92	packages/fact-layer/src/index.ts
modified	292	0e0f74d95cc4892cee5ab9c821b51d968536f8e6deaaf6a0cb7b12f84a92dee2	packages/fact-layer/src/invariant.ts
modified	3018	8e7a57bfaa02a71833e9d59e43455b807752d218d7b0f5869b06ade3f5f814a1	packages/fact-layer/tests/provider.spec.ts
modified	1500	c62aad78b2f1bb2dafe7a38a6e8a4e465851b763327beb30ab6f9f581acdcadb	packages/generator-bento/package.json
modified	11149	c4dc890196fcc1a065f91967505fb05380ef3c330b2ad42fc22aac584c622e18	packages/generator-bento/runtime/hydrate-outline.mjs
modified	4815	31080e106d9e28ec528c14d42d10d0a30009b045414d1fe652d40685fe0553e3	packages/generator-bento/runtime/render-exact-outline.mjs
modified	59110	a13bc2ecf52ddb3c4889efa3b85efa5ac69833a8f2eed68caa5da436f4deabe5	packages/generator-bento/src/index.ts
modified	246	02d696389fa1c1bec73029da5619d58c7b7a2ecd9cdceb90903a35b0e83dd19e	packages/generator-bento/src/invariant.ts
modified	6557	12b575e8e2745aefc49ef672121156e281bc5d7b54f6abe468e24ceded6a88d9	packages/generator-bento/tests/hydrate-outline.spec.ts
modified	16020	48da2c7a4e2b95ee13dea431e8a8f37cc1a66e007c1445f3b19e57c4872fd263	packages/generator-bento/tests/provider.spec.ts
modified	1773	deba45ee5e3a6a1b5e25f4b36cd4f1fa8e4581033dd7bd4f67abfe45422505af	packages/generator-office/package.json
modified	14244	17d450374f6d058ed3f62af9d690f86d8b30aa1fc4158729c5a09bede9b38a74	packages/generator-office/src/cli.ts
modified	23279	b727a53103dbd4048015041d0588949a84b3dc8cf917d52d9a92493f497714a1	packages/generator-office/src/index.ts
modified	248	13f1c711fba9fc0f14a29a79d8f924db9555064fedcbf55373fe5ff9a67d4b9c	packages/generator-office/src/invariant.ts
untracked	17917	d9211123a5ea2eb7e8b9da44bc8b40e626ac8e3fb86c46ad23bb294ac764d7da	packages/generator-office/src/outline-pptx.ts
modified	12475	0333f8784f97a853278a83634994371a4ef8f1ec8e8823297924a3b2ee799fdb	packages/generator-office/tests/provider.spec.ts
modified	1325	64037a18f25f9f60da05718b45627143216d46723534d84678ed93b60358f29e	packages/generator-web/package.json
modified	6109	3a27278bf520880269e8778bda7e4acde0a8bd664f5143a1b5c85277d20fad33	packages/generator-web/src/index.ts
modified	245	ac3aaa28b57f9e159ed2068f8c56d8f9ccba258be19c6f150209cb03a9613036	packages/generator-web/src/invariant.ts
modified	1898	27b9e785af9681f5c3e6a71be9a41ebe030a026b85f23f41878365e91305eb4a	packages/generator-web/tests/provider.spec.ts
modified	8043	31cbbede41fc386462b85cbe8d5808c89e3176d2eb538abbbf40e62c72f315d0	packages/harness-bundle/cordis.patch.yml
modified	2007	1cf39d7e3f0d04f25ebe8e128efe487b8004c878e106794aaa6ce428c7456207	packages/harness-bundle/package.json
modified	1746	70abda67a49fb5ef2b33ae1e65a33cc09de7758e2a0366b70fd3d9e9e237e6d7	packages/harness-compat/package.json
modified	33122	18d983de81edaa2727a37824d1066cc1878c70cadbabe91d0fa67460c28fd6de	packages/harness-compat/src/client-surface.ts
modified	27088	c165263378c40a63b03d03466b7dcd0b629d7338028549f857145165def0b66e	packages/harness-compat/src/host.ts
modified	55175	fc186e58e7066e8a263d85b44e82d9c8301adffd51518eadc7bba23ddfbf953c	packages/harness-compat/src/index.ts
modified	3057	7178d28e396b55526bef9bff66fb3d6d70a778295da08e8d18a80bde3d11edf6	packages/harness-compat/tests/branding.spec.ts
modified	10654	8a5a5790ab3ac7f9cc77a9a5fc04f1d491e75497d053bf961edef7ba0a1436eb	packages/harness-compat/tests/experience.spec.ts
untracked	3624	620ff20a8eae6291c82fec1b49f7c96a0e842f209bafe95fc21d09c300b221d3	packages/harness-compat/tests/loader-entry.spec.ts
modified	1938	54a6e6436bad4265aae24d951c3fc4df577c5ce253f458caa0e575bc89ab42ff	packages/notifications/package.json
modified	27157	c62b4bc4fa46b3431b58fb334d0f4d551eb1534d1a48c99864bba236879a4d54	packages/notifications/src/client/index.tsx
modified	9961	60ea0fac32ef167036d3dab33550e5d953f26892ad2bb27b9abdab36b0576fa4	packages/notifications/src/index.ts
modified	279	22415b5fa23e6b1ab585421c4fe141018a22d5ca58536706c3b3177ea30c2b24	packages/notifications/src/invariant.ts
modified	11864	5915c119fe4d77f7e68426137d9a93a8a9a2a948e711e71ecca0f59a78288f98	packages/notifications/tests/client.spec.tsx
modified	1161	f54671ffd5cca647cc30affb92aae2bf6a8a6a2136f6366006c8527fe42ebf1d	packages/platform-api/package.json
modified	11128	ca50b8d6818d0dc17f099514a1cbdb921d3c4858f871ca8ec93c6b9ec5b9c69b	packages/platform-api/src/index.ts
modified	297	cecc4a19003545e929da13ae37fa67c8dfa16a832a64590a0ea0ab1511f0832c	packages/platform-api/src/invariant.ts
modified	6105	cc0a73123a1cc3ee46536c8b9dcb24a0608f8572496a2cbceb0d6d408d73a8bb	packages/platform-api/tests/api.spec.ts
modified	802	6358cd8b31d9d2a4aa164b46db8d912ef3454fead4a2a6ea8a59725a67cc363a	packages/platform-sdk/package.json
modified	7751	d4b0d845e3b6b0ac40900c92934d78b82bf8e43c04b0fefb84b144de07d65744	packages/platform-sdk/src/index.ts
modified	627	8f0968c1a7b70583444a14104738f4da6d766ab897ccc34863ddf6945ae3642d	packages/presentation-contracts/package.json
modified	1753	a3761b2e6560117c68f62fe217cd992cd60040a900056940669f376eee192dd6	packages/presentation-trace/package.json
modified	4249	3c9c0486ba12e243445924983fd7465c9e1f2f67ac3b2d143a1f01ac3d0a2f51	packages/presentation-trace/src/index.ts
modified	343	653a022e97c311635258b50a542e534f0baed7fb96f0c7cf4f41314ba59c6bb4	packages/presentation-trace/src/invariant.ts
modified	2602	8ffc0499f0b001100e6c62c91acf27e90679cfc4efdbf964e462082c11ddc907	packages/presentation-trace/tests/host-sidecar.spec.ts
modified	3711	d898bfc547068835a1a422e43e0c1edae6a4625b0771904e0093f3032419671a	packages/proposal-experience/README.md
modified	1382	d934a3648e47c2384488be16d4bb19493fb2dff83aefce098ef2f0ad686e1c07	packages/proposal-experience/package.json
modified	35264	b80639ffd1a57e3b3c3c31803dbf1bf397b5e9f613933c70595badd5c423f41f	packages/proposal-experience/src/client/index.tsx
modified	597	e3c4a6c8221610867789c733ab053550ef756bef58831cc48509275de6be7db6	packages/proposal-experience/src/index.ts
modified	346	d967a379a7a4d8a1db401c30d4ef92832d8ea945b2c2379063f726148e16f6ab	packages/proposal-experience/src/invariant.ts
modified	13617	c5b85708fde100cbd06b5a37dd53fd4953fe38f93e99bd865ad42655caf4d9f2	packages/proposal-experience/tests/client.spec.tsx
modified	1460	8e085b5f0b529f912974861e9ef8334014c3a64be7ac116890e8b546c5af0a72	packages/renderer-bento/package.json
modified	35149	dda1387381a46e04cb8fb2e68ef9de996b59fc825025959baebdca37329d79d6	packages/renderer-bento/src/client/index.tsx
modified	5505	24587bd729190a0a331c0ef5cf9d66577b6b1638580423cd6cc8892a172f8437	packages/renderer-bento/src/index.ts
modified	335	f1cf75900d3309b584fbe6b6a043c8b8380f4cd06ba884aa5cc32a56c3243ec6	packages/renderer-bento/src/invariant.ts
untracked	3939	867837291b15a1c878f4a25e83fc606a5ff1ba622781b27b111285db286a8f5f	packages/renderer-bento/src/legacy-mode-compat.ts
modified	3374	5b56a2143c7239f98fee99e8817093790afd07a77fe8dd36cd31e56fe73c51b6	packages/renderer-bento/src/shared.ts
modified	11949	48425b507fe794bf0c2d5481afe340e4b27d07d9a65273747880e27a98dba10e	packages/renderer-bento/tests/client.spec.ts
modified	3624	64f189c15a2e6cdfb0122673a294296a3ac08f43ecf1c3297ef4f3687e674cc4	packages/renderer-bento/tests/host.spec.ts
modified	1479	a0893d2d504a0c2b2f17c5fde45c2bd140bebe92e695db57b0fd08ebe425d4c6	packages/renderer-pdf/package.json
modified	11042	ecbb12ce3755b555f4c266efc5ffb2add5c108bd30d04eb6c22d779b5795357c	packages/renderer-pdf/src/client/index.tsx
modified	297	e410712eeccb11ccf3eb4479112c75d5f77e9935b1349573c175a869db606782	packages/renderer-pdf/src/invariant.ts
modified	3401	099bd46563778fb4d59380a90e24fde41030cb0246ddc83fb94ce69c78de3aee	packages/renderer-pdf/tests/client.spec.tsx
modified	1588	a03f78f137e06216cd8c0cec9c5c1c3ec26428fd50722adf7ca8cd1b054de709	packages/runtime-orbs/package.json
modified	529	91fcda254e1b2c071d9b593246cad5c39aea1d7e97be04f32f4ced56ccf3ee09	packages/runtime-orbs/src/invariant.ts
modified	1348	6405a3be1284af9faeb0f99bc747fba0b2e504e7617f18d514b1ad3fde13c7b3	packages/runtime-orbs/tests/invariant.spec.ts
modified	1143	80182e4d043a2487f5606fc9db554e82dc6c9a4967019b251d8aa48b8a65dfd1	packages/scheduler-adapter-feishu-bot/package.json
modified	329	a69c142bd9f1bf1da85647743b10151f0053d85bdc9d9eb755e6e1deed75e672	packages/scheduler-adapter-feishu-bot/src/invariant.ts
modified	1247	1ff3a38d4b949b8dce994f6c29e5256df99095fc0cda37249b2719587ecfbf95	packages/scheduler-adapter-harness/package.json
modified	3437	c7fc3db0de19caa955a0e5ee3c261bb7700b5fb293ac6a3a00d19aa2138c8328	packages/scheduler-adapter-harness/src/agent-action.ts
modified	13078	d92e6774af7900481abc61529d07a84fab24d5105710415db59ced52a261f62c	packages/scheduler-adapter-harness/src/index.ts
modified	323	6049ddde4853baf3a8fde0aba1eddc25a2389cd864278b1765cd2682f6ea66aa	packages/scheduler-adapter-harness/src/invariant.ts
modified	9103	b7d3d5cb49707936dda3cf68035ebcd542126ee2623699e06941522ae7651abe	packages/scheduler-adapter-harness/tests/harness.spec.ts
modified	1041	07a76b55e69d1162ad456b8c3e18fdcd306b0324aae96540fd25558526f93c3b	packages/scheduler-adapter-http/package.json
modified	317	dcdf0d71edd5daad0210e50f82f6c2cbab666f2123e30a2845810146a95b8bc1	packages/scheduler-adapter-http/src/invariant.ts
modified	2231	99b906cbf847b458026ba4fb9436a30063232c3952bcd83d2a3f9cd699fdc949	packages/scheduler/package.json
modified	63797	e2c5dfe7c5f82e559c22d7ba84b40a3a0c74e443c49712955adc1a654dac900c	packages/scheduler/src/client/index.tsx
modified	343	fbac7655fd75b26d273eef93390a958bdb9d1509eaf9b382780f3fd57b54b199	packages/scheduler/src/invariant.ts
modified	14643	4082a7d1f1a316c10d2f553ec0955a0cef9df197027abf7eca25208cec698d40	packages/scheduler/tests/client.spec.tsx
modified	7776	8d3f858bd23dd64dd812f768202dbf44deab8a7220aa4e6fcf1a95922b5f06dd	packages/skill-market/catalog/bento-ppt/SKILL.md
modified	1494	95d1ac3ea2a31c2c5790f4cba36207e3e89b78f1cbdc77096448ed220c4e2f87	packages/skill-market/catalog/build-walmart-buyer-proposal-outline/SKILL.md
modified	1368	9863fe70bc3360ef4347069a6fdc0053d9515b9a5dbebcd119ccbfe716ca0213	packages/skill-market/catalog/category-opportunity-analysis/SKILL.md
modified	1384	04c09d3ad0e48c4de2fd57e337b85816bc7749d6c2377344b744b2ccf2bde1b3	packages/skill-market/catalog/category-performance-analysis/SKILL.md
modified	1574	e6a5b89aee0a298bf1893a809e27d3ae8173a20a9d5dbfcc3f097ec872c36209	packages/skill-market/catalog/fineline-investment-analysis/SKILL.md
modified	11220	0393e7ca3638e2c0cff2068be8cbf0a904f782717f95b43c0eef0e5df0cce2ac	packages/skill-market/catalog/proposal-assistant-orchestration/SKILL.md
modified	1437	ed1992f4693b787a52a2d3d6b5418895b74fdcf6069862fb278ba26647cb12d9	packages/skill-market/catalog/white-space-analysis/SKILL.md
modified	2213	c7403311bc77c8d85ba500e97c3db50e4d29c54e1942f26e469f81e80677344d	packages/skill-market/package.json
modified	28346	d5f5deff23640fe5e4261c31e4eb574f6f7b2f64a05b987f170108f8e06261e0	packages/skill-market/src/installer.ts
modified	297	f3a3e1d379a66b82e74d29a1d81903b1079000b43419d1ac8ae146befaecc1b5	packages/skill-market/src/invariant.ts
modified	9095	43f931f3a48ce2f1b9c2a89c5940e7a3f3e6421982dfd1d5ec6384d7188df0fe	packages/skill-market/tests/installer.spec.ts
modified	1826	133c1e8e20a8fe5b2415bcd50b0b4329434ed27e3812569ac58211ff8d124ba7	packages/task-monitor/package.json
modified	33751	da275a04f834374b6dfc884b296f7eb93696236e5efacd03e412269f52f5d842	packages/task-monitor/src/index.ts
modified	332	bab9ebee0c2df7835952e67ccd25898dbc42b19a9c6f7d5cccdf8397ab79cba9	packages/task-monitor/src/invariant.ts
modified	570	4c25ebabaa85355a4b9be0bebb747847c8e146cc37183eebec664bb278b49602	packages/task-monitor/tests/invariant.spec.ts
modified	694	370ffc9679c86b12dffc37dddbe5f490032b5c824f039541ccdfae4a25eb1de5	packages/testkit/package.json
modified	627	a7a82bf6ea8bda237bfb089ce69884c665d04fa470d5641bd3b2265bf56a2a08	packages/ui-foundation/package.json
untracked	1293	1d117e3377c3af9f1a43134b00ee6f5ff2d09d591a1d1a5a9d0b773dfe6ee45f	packages/ui-foundation/tests/foundation.spec.ts
modified	1702	12596173ac094ff099dd24a143e726c87ef47956e8ce284c4104d08a6876956e	packages/user-settings/package.json
modified	2710	e0eb6177bbe2580e9108ed1a149e36a737a82918f513891dca6a30be94a31e06	packages/visual-experience/README.md
modified	2239	da29da7a0052a7dc742bb174e934246c7940675937bb83aa9c78d667099a6a62	packages/visual-experience/package.json
modified	71936	1764edc9c5386115e05def01981dc4767dc196d22bc9a32d9fbaa959a2eaca26	packages/visual-experience/src/client/index.tsx
modified	342	142717e870b13eb6746fe8bb2a20d9751e32c5a03f1dc1e165a2ba3187ae283c	packages/visual-experience/src/invariant.ts
modified	35836	bcd1bf7a571badd4ab22d20b6e3497e7ced7a6953dfec94e9e8c118fb6329016	packages/visual-experience/tests/client.spec.tsx
modified	462	d4cc936de4c598910349f395f2ada08690135885429acb6b238efbd1ba2a47c6	packages/visual-experience/tests/invariant.spec.ts
modified	2612	535ef5264aea37a3fb23e9113dd36703156e051454edb37df77643fa83c435b8	packages/walmart-proposal-adapter/README.md
modified	1246	b9c1d471d6c3d56ba13630a146775e562515a2399459069f8b46f6771b7fad57	packages/walmart-proposal-adapter/package.json
modified	25858	4b8a4e88d2db1958ea044837e9baccc30a41f91933aee2bcb80565267be771ae	packages/walmart-proposal-adapter/runtime/runner.py
modified	15727	148b093fa4272df211db02e92a613b4a50e6d7c8c837ab7ebb827bb7d3abb7ff	packages/walmart-proposal-adapter/src/index.ts
modified	320	c32c67136d817ac82fafa5c615ff42227196ee700c03d788b84c97228289a13d	packages/walmart-proposal-adapter/src/invariant.ts
modified	6896	8d5d1de83be258d4176363dd6371fd57d1bae5ad7f25900f06c80d39fa6dc988	packages/walmart-proposal-adapter/tests/provider.spec.ts
modified	6117	41403ff0c382889ce823f9aa25aaef35160461dbe6bc73855fdffed9875caa30	packages/walmart-proposal-adapter/tests/python-parity.spec.ts
modified	1319	9d9605780c9a78f4f8195f356c7d1039fbf59b5610d793dfcb188184b6545c54	packages/workspace-project/package.json
modified	516	0a8de0bb356cd30324cecd6c37e9930cdbf1798bcb4e26271c462938d7d332e4	packages/workspace-project/src/invariant.ts
modified	573	402c68643ad040fc44d4730642ab8bd3f0985dc07d5b1de0340222c5e4e12d5c	packages/workspace-project/tests/invariant.spec.ts
modified	911676	3ef646e45c7e1b135087c46332f1e119fac927fc94219e1099b4fdce99ca5459	pnpm-lock.yaml
modified	197	ed19d9f203744ce3ac3e7b29e20780c1030fb02bc8f37a1de497ae58ddb3b034	pnpm-workspace.yaml
modified	3929	00c1a5c20b2695b775330fff1dc55580629243dcd7746ea423def4b4f8888ce4	scripts/build.mjs
untracked	3137	d39977cb9140e78a8486cd6487ae773df35b2b86dd8bdd3b0ac8f94f5f2fe233	scripts/check-bundle-budget.mjs
modified	1514	e68898c0764d0501d2640614dbdbe4c2e8dec82346784de4ff422d81f5a57ddd	scripts/check-docs.mjs
modified	9232	abc7ea77c519c26821451f3b4e2863a00a0f9d82993706c2785a5367b8df53ef	scripts/check-package-compliance.mjs
modified	8460	3819ea3b3f926defe1c328f7beebfdcb836c0956c37ce94d42bd1d0d9987817e	scripts/verify-agent-skill-centers.mjs
modified	19529	7a91c6af6b4b95ddc8a1bd44fb73baa37d11dfa3181e719bc4e839e6f35f8a54	scripts/verify-framework.mjs
modified	65710	f8300f5b359369596648aba4572666874949942421172637b3ba2042152d7276	scripts/verify-harness-composition.mjs
modified	500	b03c2341c66324f9cde1c891cc44b8f6e60014b3f2bdd9966e3263fbfb3bea67	tsconfig.base.json
modified	1742	8ffe8aa7eb0fecc8543e83ff2610917fc9c6ff2950abccfe7b1053dd4a0839f8	tsconfig.json
